{
  "songs": [
    {
      "url": "https://www.youtube.com/watch?v=4-jBiumYmXk",
      "singer": "adele",
      "title": "hello"
    },
    {
      "url": "https://www.youtube.com/watch?v=hLQl3WQQoQ0",
      "singer": "adele",
      "title": "someone like you"
    },
    {
      "url": "https://www.youtube.com/watch?v=rYEDA3JcQqw",
      "singer": "adele",
      "title": "rolling in the deep"
    },
    {
      "url": "https://www.youtube.com/watch?v=7JJfJgyHYwU",
      "singer": "rixton",
      "title": "me and my broken heart"
    },
    {
      "url": "https://www.youtube.com/watch?v=SR6iYWJxHqs",
      "singer": "bruno mars",
      "title": "grenade"
    },
    {
      "url": "https://www.youtube.com/watch?v=pXRviuL6vMY",
      "singer": "twenty one pilots",
      "title": "stressed out"
    },
    {
      "url": "https://www.youtube.com/watch?v=fLexgOxsZu0",
      "singer": "bruno mars",
      "title": "the lazy song"
    },
    {
      "url": "https://www.youtube.com/watch?v=QK8mJJJvaes",
      "singer": "macklemore",
      "title": "thrift shop"
    },
    {
      "url": "https://www.youtube.com/watch?v=fWNaR-rxAic",
      "singer": "carly rae jepsen",
      "title": "call me maybe"
    },
    {
      "url": "https://www.youtube.com/watch?v=lDK9QqIzhwk",
      "singer": "bon jovi",
      "title": "livin on a prayer"
    },
    {
      "url": "https://www.youtube.com/watch?v=dKez38i5h14",
      "singer": "gorillaz",
      "title": "feel good inc"
    },
    {
      "url": "https://www.youtube.com/watch?v=0J2QdDbelmY",
      "singer": "the white stripes",
      "title": "seven nation army"
    },
    {
      "url": "https://www.youtube.com/watch?v=ZbytR2avo-0",
      "singer": "eminem",
      "title": "without me"
    },
    {
      "url": "https://www.youtube.com/watch?v=eVTXPUF4Oz4",
      "singer": "linkin park",
      "title": "in the end"
    },
    {
      "url": "https://www.youtube.com/watch?v=kXYiU_JCYtU",
      "singer": "linkin park",
      "title": "numb"
    },
    {
      "url": "https://www.youtube.com/watch?v=hTWKbfoikeg",
      "singer": "nirvana",
      "title": "smells like teen spirit"
    },
    {
      "url": "https://www.youtube.com/watch?v=y1nM4OKvoXw",
      "singer": "flo rida",
      "title": "low"
    },
    {
      "url": "https://www.youtube.com/watch?v=1CBN9fKeVB4",
      "singer": "panic at the disco",
      "title": "i write sins not tragedies"
    },
    {
      "url": "https://www.youtube.com/watch?v=lOxb_SW4Cfg",
      "singer": "kanye west",
      "title": "gold digger"
    },
    {
      "url": "https://www.youtube.com/watch?v=u5uSlUKBEDc",
      "singer": "kesha",
      "title": "tik tok"
    },
    {
      "url": "https://www.youtube.com/watch?v=r5EXKDlf44M",
      "singer": "green day",
      "title": "boulevard of broken dreams"
    },
    {
      "url": "https://www.youtube.com/watch?v=3JV74i4yvcA",
      "singer": "train",
      "title": "hey soul sister"
    },
    {
      "url": "https://www.youtube.com/watch?v=opPV1-IUmGw",
      "singer": "coldplay",
      "title": "viva la vida"
    },
    {
      "url": "https://www.youtube.com/watch?v=EQ2T-Tw_drE",
      "singer": "taio cruz",
      "title": "dynamite"
    },
    {
      "url": "https://www.youtube.com/watch?v=ADIyIlO-_Ug",
      "singer": "snoop dogg",
      "title": "the next episode"
    },
    {
      "url": "https://www.youtube.com/watch?v=F57P9C4SAW4",
      "singer": "katy perry",
      "title": "california gurls"
    },
    {
      "url": "https://www.youtube.com/watch?v=8aRor905cCw",
      "singer": "bruno mars",
      "title": "billionaire"
    },
    {
      "url": "https://www.youtube.com/watch?v=SgM3r8xKfGE",
      "singer": "flo rida",
      "title": "club cant handle me"
    },
    {
      "url": "https://www.youtube.com/watch?v=Wx9XYrRpHjo",
      "singer": "mike posner",
      "title": "cooler than me"
    },
    {
      "url": "https://www.youtube.com/watch?v=F3CIbk3At_8",
      "singer": "m.i.a",
      "title": "paper planes"
    },
    {
      "url": "https://www.youtube.com/watch?v=ViwtNLUqkMY",
      "singer": "beyonce",
      "title": "crazy in love"
    },
    {
      "url": "https://www.youtube.com/watch?v=Fi8rsCncwF8",
      "singer": "outkast",
      "title": "hey ya"
    },
    {
      "url": "https://www.youtube.com/watch?v=nlcIKh6sBtc",
      "singer": "lorde",
      "title": "royals"
    },
    {
      "url": "https://www.youtube.com/watch?v=uJtaKS1ARoE",
      "singer": "drake",
      "title": "hotline bling"
    },
    {
      "url": "https://www.youtube.com/watch?v=lWD9wVPwhH4",
      "singer": "50 cent",
      "title": "in the club"
    },
    {
      "url": "https://www.youtube.com/watch?v=uCRT8IItGpw",
      "singer": "britney spears",
      "title": "toxic"
    },
    {
      "url": "https://www.youtube.com/watch?v=opPV1-IUmGw",
      "singer": "coldplay",
      "title": "viva la vida"
    },
    {
      "url": "https://www.youtube.com/watch?v=oRAuQM3pl-Y",
      "singer": "nelly",
      "title": "hot in here"
    },
    {
      "url": "https://www.youtube.com/watch?v=MHU6vvsTnbI",
      "singer": "maroon 5",
      "title": "this love"
    },
    {
      "url": "https://www.youtube.com/watch?v=Y4QGPWLY-EM",
      "singer": "eiffel 65",
      "title": "blue"
    },
    {
      "url": "https://www.youtube.com/watch?v=i4YutyVP7ig",
      "singer": "kelis",
      "title": "milkshake"
    },
    {
      "url": "https://www.youtube.com/watch?v=_G7QmqDLpTo",
      "singer": "franz ferdinand",
      "title": "take me out"
    },
    {
      "url": "https://www.youtube.com/watch?v=HrQsGeKN6qk",
      "singer": "system of a down",
      "title": "chop suey"
    },
    {
      "url": "https://www.youtube.com/watch?v=6Un9HLDCTCs",
      "singer": "eminem",
      "title": "lose yourself"
    },
    {
      "url": "https://www.youtube.com/watch?v=96MiYk9VYvc",
      "singer": "evanescence",
      "title": "bring me to life"
    },
    {
      "url": "https://www.youtube.com/watch?v=GjyltncPu7I",
      "singer": "lady gaga",
      "title": "just dance"
    },
    {
      "url": "https://www.youtube.com/watch?v=-zuviud2HHQ",
      "singer": "cascada",
      "title": "everytime we touch"
    },
    {
      "url": "https://www.youtube.com/watch?v=5pVKZeSoAp0",
      "singer": "one republic",
      "title": "apologize"
    },
    {
      "url": "https://www.youtube.com/watch?v=IGuSsEfZwDs",
      "singer": "kanye west",
      "title": "touch the sky"
    },
    {
      "url": "https://www.youtube.com/watch?v=UaCHLRB-4Oo",
      "singer": "sean kingston",
      "title": "beautiful girls"
    },
    {
      "url": "https://www.youtube.com/watch?v=uSD4vsh1zDA",
      "singer": "black eyed peas",
      "title": "i gotta feeling"
    },
    {
      "url": "https://www.youtube.com/watch?v=9g5m3z24jJM",
      "singer": "fun",
      "title": "we are young"
    },
    {
      "url": "https://www.youtube.com/watch?v=225K-LR62Ek",
      "singer": "backstreet boys",
      "title": "i want it that way"
    },
    {
      "url": "https://www.youtube.com/watch?v=E50c3_9V-Gg",
      "singer": "mgmt",
      "title": "kids"
    },
    {
      "url": "https://www.youtube.com/watch?v=OZnBt2W48A0",
      "singer": "snoop dogg",
      "title": "drop it like its hot"
    },
    {
      "url": "https://www.youtube.com/watch?v=a1BS7XnEZqc",
      "singer": "green day",
      "title": "american idiot"
    },
    {
      "url": "https://www.youtube.com/watch?v=WcBfg4NmqzA",
      "singer": "arctic monkeys",
      "title": "mardy bum"
    },
    {
      "url": "https://www.youtube.com/watch?v=P9MwxdtzrvA",
      "singer": "pink",
      "title": "so what"
    },
    {
      "url": "https://www.youtube.com/watch?v=_ovdm2yX4MA",
      "singer": "avicii",
      "title": "levels"
    },
    {
      "url": "https://www.youtube.com/watch?v=gkBvuhBBhvA",
      "singer": "usher",
      "title": "omg"
    },
    {
      "url": "https://www.youtube.com/watch?v=JiUNTdFX8G8",
      "singer": "rihanna",
      "title": "love the way you lie"
    },
    {
      "url": "https://www.youtube.com/watch?v=xR6lFaPTxh0",
      "singer": "wiz khalifa",
      "title": "black and yellow"
    },
    {
      "url": "https://www.youtube.com/watch?v=NNM2kEBGiRs",
      "singer": "maroon 5",
      "title": "moves like jagger"
    },
    {
      "url": "https://www.youtube.com/watch?v=Q4Y-FbeCX14",
      "singer": "kelly clarkson",
      "title": "stronger"
    },
    {
      "url": "https://www.youtube.com/watch?v=aS85AvLl9Ik",
      "singer": "flo rida",
      "title": "whistle"
    },
    {
      "url": "https://www.youtube.com/watch?v=qV0LHCHf-pE",
      "singer": "baauer",
      "title": "harlem shake"
    },
    {
      "url": "https://www.youtube.com/watch?v=ziN7Y1M1v8s",
      "singer": "bruno mars",
      "title": "uptown funk"
    },
    {
      "url": "https://www.youtube.com/watch?v=8wP2AsnTfac",
      "singer": "the weeknd",
      "title": "cant feel my face"
    },
    {
      "url": "https://www.youtube.com/watch?v=Coq-OlEdZQ8",
      "singer": "lmfao",
      "title": "party rock anthem"
    },
    {
      "url": "https://www.youtube.com/watch?v=yG60iRJwmfA",
      "singer": "jonas brothers",
      "title": "sucker"
    },
    {
      "url": "https://www.youtube.com/watch?v=BKLVpDTZOPQ",
      "singer": "Foster The People",
      "title": "Sit Next to Me"
    },
    {
      "url": "https://www.youtube.com/watch?v=Ys3FvbIybW4",
      "singer": "Brockhampton",
      "title": "Face"
    },
    {
      "url": "https://www.youtube.com/watch?v=VcyFfcJbyeM",
      "singer": "Lil Uzi Vert",
      "title": "XO Tour Llif3"
    },
    {
      "url": "https://www.youtube.com/watch?v=ClhLNUPqv8Q",
      "singer": "Dua Lipa",
      "title": "New Rules"
    },
    {
      "url": "https://www.youtube.com/watch?v=AMtN4sOvhqY",
      "singer": "Taylor Swift",
      "title": "Lover"
    },
    {
      "url": "https://www.youtube.com/watch?v=5gBeLN2Jkng",
      "singer": "Charlie Puth",
      "title": "Attention"
    },
    {
      "url": "https://www.youtube.com/watch?v=yNk8OoBpQMI",
      "singer": "J Cole",
      "title": "No Role Modelz"
    },
    {
      "url": "https://www.youtube.com/watch?v=9Imk7kIpgos",
      "singer": "Sam Smith",
      "title": "Stay With Me"
    },
    {
      "url": "https://www.youtube.com/watch?v=ZBuPhinZVzk",
      "singer": "Amine",
      "title": "Caroline"
    },
    {
      "url": "https://www.youtube.com/watch?v=ijl_cfyQqLA",
      "singer": "Maggie Rogers",
      "title": "Fallingwater"
    },
    {
      "url": "https://www.youtube.com/watch?v=7pzOBI3PD8E",
      "singer": "The Neighbourhood",
      "title": "Sweater Weather"
    },
    {
      "url": "https://www.youtube.com/watch?v=MrbHZkHimbo",
      "singer": "King Princess",
      "title": "1950"
    },
    {
      "url": "https://www.youtube.com/watch?v=Tm6-SEfRoBA",
      "singer": "Sia",
      "title": "Chandelier"
    },
    {
      "url": "https://www.youtube.com/watch?v=0i1o9lSUuI8",
      "singer": "Taylor Swift",
      "title": "Delicate"
    },
    {
      "url": "https://www.youtube.com/watch?v=2RAI2IEtbFs",
      "singer": "Disclosure",
      "title": "Latch"
    },
    {
      "url": "https://www.youtube.com/watch?v=8o5BHH9U2Mg",
      "singer": "Robyn",
      "title": "Missing U"
    },
    {
      "url": "https://www.youtube.com/watch?v=kqaGZYDGcUw",
      "singer": "rihanna",
      "title": "We Found Love"
    },
    {
      "url": "https://www.youtube.com/watch?v=1S5NDIc1_3U",
      "singer": "Halsey",
      "title": "Gasoline"
    },
    {
      "url": "https://www.youtube.com/watch?v=VYOjWnS4cMY",
      "singer": "Childish Gambino",
      "title": "This Is America"
    },
    {
      "url": "https://www.youtube.com/watch?v=sPQrcSo2ee4",
      "singer": "Alabama Shakes",
      "title": "Dont Wanna Fight"
    },
    {
      "url": "https://www.youtube.com/watch?v=LNAwPvfF2Os",
      "singer": "Janelle Monae",
      "title": "Make Me Feel"
    },
    {
      "url": "https://www.youtube.com/watch?v=Cf6cR6Nve70",
      "singer": "Ariana Grande",
      "title": "God Is a Woman"
    },
    {
      "url": "https://www.youtube.com/watch?v=XnbsIl2BnWw",
      "singer": "frank ocean",
      "title": "Chanel"
    },
    {
      "url": "https://www.youtube.com/watch?v=t0imaSCnSuA",
      "singer": "Hozier",
      "title": "Take Me to Church"
    },
    {
      "url": "https://www.youtube.com/watch?v=pNt0w1L2wSY",
      "singer": "Kanye West",
      "title": "Black Skinhead"
    },
    {
      "url": "https://www.youtube.com/watch?v=5ytzbr4SiKE",
      "singer": "Luis Fonsi",
      "title": "Despacito"
    },
    {
      "url": "https://www.youtube.com/watch?v=z17hTy-Ne5c",
      "singer": "Rae Sremmurd",
      "title": "Black Beatles"
    },
    {
      "url": "https://www.youtube.com/watch?v=kfyrOszCbRk",
      "singer": "beyonce",
      "title": "Hold Up"
    },
    {
      "url": "https://www.youtube.com/watch?v=k32XJyU2UKA",
      "singer": "Travis Scott",
      "title": "Antidote"
    },
    {
      "url": "https://www.youtube.com/watch?v=Adtadg-UBYA",
      "singer": "Post Malone",
      "title": "Congratulations"
    },
    {
      "url": "https://www.youtube.com/watch?v=Gx6xnVQuFzw",
      "singer": "Kendrick Lamar",
      "title": "Humble"
    },
    {
      "url": "https://www.youtube.com/watch?v=YV3ExBDBv_I",
      "singer": "David Bowie",
      "title": "Blackstar"
    },
    {
      "url": "https://www.youtube.com/watch?v=87xa7w2QymA",
      "singer": "Childish Gambino",
      "title": "Redbone"
    },
    {
      "url": "https://www.youtube.com/watch?v=fQ17tnRrA8k",
      "singer": "Arctic Monkeys",
      "title": "Do I Wanna Know?"
    },
    {
      "url": "https://www.youtube.com/watch?v=EbB4PP4HknU",
      "singer": "Nicki Minaj",
      "title": "Super Bass"
    },
    {
      "url": "https://www.youtube.com/watch?v=4bFrM_7CdAM",
      "singer": "Lykke Li",
      "title": "I Follow Rivers"
    },
    {
      "url": "https://www.youtube.com/watch?v=ZwyiZLgiP6w",
      "singer": "Travis Scott",
      "title": "Sicko Mode"
    },
    {
      "url": "https://www.youtube.com/watch?v=4-TbQnONe_w",
      "singer": "billie eilish",
      "title": "Bad Guy"
    },
    {
      "url": "https://www.youtube.com/watch?v=DSxg7pNYQhI",
      "singer": "ac/dc",
      "title": "back in black"
    },
    {
      "url": "https://www.youtube.com/watch?v=axAtWjn3MfI",
      "singer": "queen",
      "title": "Bohemian Rhapsody"
    },
    {
      "url": "https://www.youtube.com/watch?v=1w7OgIMMRc4",
      "singer": "Guns N Roses",
      "title": "Sweet Child O' Mine"
    },
    {
      "url": "https://www.youtube.com/watch?v=9Q4IO19E8Kg",
      "singer": "Damian Marley",
      "title": "Welcome To Jamrock"
    },
    {
      "url": "https://www.youtube.com/watch?v=tux7eKFZn30",
      "singer": "Amy Winehouse",
      "title": "Back to Black"
    },
    {
      "url": "https://www.youtube.com/watch?v=ytBR7ET_6uU",
      "singer": "Owl City",
      "title": "Fireflies"
    },
    {
      "url": "https://www.youtube.com/watch?v=lCiZ8pMnLV4",
      "singer": "Lady Gaga",
      "title": "Poker Face"
    },
    {
      "url": "https://www.youtube.com/watch?v=oGTBax-Cu4Q",
      "singer": "Flo Rida",
      "title": "Right Round"
    },
    {
      "url": "https://www.youtube.com/watch?v=Wa6ZkaJfYso",
      "singer": "Eminem",
      "title": "Crack a Bottle"
    },
    {
      "url": "https://www.youtube.com/watch?v=Nn5IvIwBBec",
      "singer": "Kelly Clarkson",
      "title": "My Life Would Suck Without You"
    },
    {
      "url": "https://www.youtube.com/watch?v=kdATGDEjAzs",
      "singer": "Usher",
      "title": "Love In This Club"
    },
    {
      "url": "https://www.youtube.com/watch?v=We1AQetsAx4",
      "singer": "Soulja Boy",
      "title": "Crank That"
    },
    {
      "url": "https://www.youtube.com/watch?v=PoaT6WXUV_M",
      "singer": "Plain White T's",
      "title": "Hey there delilah"
    },
    {
      "url": "https://www.youtube.com/watch?v=tst-pb3YCEc",
      "singer": "Rihanna",
      "title": "Umbrella"
    },
    {
      "url": "https://www.youtube.com/watch?v=ELIw88IeSeE",
      "singer": "Akon",
      "title": "Don't Matter"
    },
    {
      "url": "https://www.youtube.com/watch?v=foaLW5DGhpI",
      "singer": "Beyonce",
      "title": "Irreplaceable"
    },
    {
      "url": "https://www.youtube.com/watch?v=FCR9qFSgZYE",
      "singer": "Nelly furtado",
      "title": "promiscuous"
    },
    {
      "url": "https://www.youtube.com/watch?v=EPKHC59Fpko",
      "singer": "Shakira",
      "title": "Hips Don't Lie"
    },
    {
      "url": "https://www.youtube.com/watch?v=x1TsfShR5ZY",
      "singer": "Justin Timberlake",
      "title": "My Love"
    },
    {
      "url": "https://www.youtube.com/watch?v=RmNTAvnSais",
      "singer": "Daniel Powter",
      "title": "Bad Day"
    },
    {
      "url": "https://www.youtube.com/watch?v=VLz6aIW2svk",
      "singer": "Chris Brown",
      "title": "Run It"
    },
    {
      "url": "https://www.youtube.com/watch?v=9t7Y3puRKM0",
      "singer": "Mariah Carey",
      "title": "We belong together"
    },
    {
      "url": "https://www.youtube.com/watch?v=IZKBa6bvUjo",
      "singer": "50 Cent",
      "title": "Candy Shop"
    },
    {
      "url": "https://www.youtube.com/watch?v=B8FTyEdLjqA",
      "singer": "Mario",
      "title": "Let Me Love You"
    },
    {
      "url": "https://www.youtube.com/watch?v=GTpkYtYYi7o",
      "singer": "Usher",
      "title": "My Boo"
    },
    {
      "url": "https://www.youtube.com/watch?v=gMWTIYY5j54",
      "singer": "Outkast",
      "title": "Hey ya"
    },
    {
      "url": "https://www.youtube.com/watch?v=eYaSNZRbFsA",
      "singer": "Eminem",
      "title": "Not Afraid"
    },
    {
      "url": "https://www.youtube.com/watch?v=z6wjKlZjYfQ",
      "singer": "Bruno Mars",
      "title": "Nothin' on You"
    },
    {
      "url": "https://www.youtube.com/watch?v=lPTkBcP1wCM",
      "singer": "Rihanna",
      "title": "Rude Boy"
    },
    {
      "url": "https://www.youtube.com/watch?v=n1lfYh-aUk0",
      "singer": "Katy Perry",
      "title": "Firework"
    },
    {
      "url": "https://www.youtube.com/watch?v=GvgJEznqtms",
      "singer": "far east movement",
      "title": "Like A G6"
    },
    {
      "url": "https://www.youtube.com/watch?v=0BsLd4Y060Q",
      "singer": "Lady Gaga",
      "title": "Born This Way"
    },
    {
      "url": "https://www.youtube.com/watch?v=wyx6JDQCslE",
      "singer": "LMFAO",
      "title": "Sexy And I Know It"
    },
    {
      "url": "https://www.youtube.com/watch?v=Odq6cZulKA8",
      "singer": "Bruno Mars",
      "title": "Locked Out Of Heaven"
    },
    {
      "url": "https://www.youtube.com/watch?v=cpzO4OGP9q0",
      "singer": "Miley Cyrus",
      "title": "Wrecking Ball"
    },
    {
      "url": "https://www.youtube.com/watch?v=cmCDqX3ngfA",
      "singer": "Pharrell Williams",
      "title": "Happy"
    },
    {
      "url": "https://www.youtube.com/watch?v=73_DOquGBD4",
      "singer": "John Legend",
      "title": "All of Me"
    },
    {
      "url": "https://www.youtube.com/watch?v=IlwIcTsmERw",
      "singer": "Magic",
      "title": "Rude"
    },
    {
      "url": "https://www.youtube.com/watch?v=v-F2jdXMywI",
      "singer": "Taylor Swift",
      "title": "Blank Space"
    },
    {
      "url": "https://www.youtube.com/watch?v=VQspRB0ztMw",
      "singer": "OMI",
      "title": "Cheerleader"
    },
    {
      "url": "https://www.youtube.com/watch?v=NywWB67Z7zQ",
      "singer": "Justin Bieber",
      "title": "What Do You Mean?"
    },
    {
      "url": "https://www.youtube.com/watch?v=3MQMQTBTVHU",
      "singer": "The Weeknd",
      "title": "The Hills"
    },
    {
      "url": "https://www.youtube.com/watch?v=YO-XGWSvZB0",
      "singer": "Zayn",
      "title": "PillowTalk"
    },
    {
      "url": "https://www.youtube.com/watch?v=4NJlUribp3c",
      "singer": "Desiigner",
      "title": "Panda"
    },
    {
      "url": "https://www.youtube.com/watch?v=570tFRoRR0A",
      "singer": "Pink",
      "title": "Raise your Glass"
    },
    {
      "url": "https://www.youtube.com/watch?v=Nj2U6rhnucI",
      "singer": "dua lipa",
      "title": "break my heart"
    },
    {
      "url": "https://www.youtube.com/watch?v=83xBPCw5hh4",
      "singer": "dababy",
      "title": "Rockstar"
    },
    {
      "url": "https://www.youtube.com/watch?v=JwzIGTlXOHM",
      "singer": "justin bieber",
      "title": "yummy"
    },
    {
      "url": "https://www.youtube.com/watch?v=fwK7ggA3-bU",
      "singer": "maroon 5",
      "title": "one more night"
    },
    {
      "url": "https://www.youtube.com/watch?v=pPw_izFr5PA",
      "singer": "6ix9ine",
      "title": "GOOBA"
    },
    {
      "url": "https://www.youtube.com/watch?v=UYwF-jdcVjY",
      "singer": "post malone",
      "title": "better now"
    },
    {
      "url": "https://www.youtube.com/watch?v=fEUS_NP5Qzo",
      "singer": "blackbear",
      "title": "chateau"
    },
    {
      "url": "https://www.youtube.com/watch?v=WagT4pdaPG8",
      "singer": "CMG",
      "title": "stonner"
    },
    {
      "url": "https://www.youtube.com/watch?v=CxnaPa8ohmM",
      "singer": "g-eazy",
      "title": "i mean it"
    },
    {
      "url": "https://www.youtube.com/watch?v=cwQgjq0mCdE",
      "singer": "kanye west",
      "title": "i love it"
    },
    {
      "url": "https://www.youtube.com/watch?v=QYh6mYIJG2Y",
      "singer": "ariana grande",
      "title": "7 rings"
    }
  ]
}
